{"cameraMode":{"drawMode":0,"name":"Shaded","section":"Shading Mode"},"sceneLighting":true,"audioPlay":false,"sceneViewState":{"m_AlwaysRefresh":false,"showFog":true,"showSkybox":true,"showFlares":true,"showImageEffects":true,"showParticleSystems":true,"showVisualEffectGraphs":true,"m_FxEnabled":true},"in2DMode":false,"pivot":{"x":-0.30286306142807009,"y":3.827463150024414,"z":-10.348624229431153},"rotation":{"x":0.0075349947437644009,"y":-0.9856197834014893,"z":0.16260135173797608,"w":0.04587845876812935},"size":1.0792258977890015,"orthographic":false}